U2 Disp,U3 Disp,Composite E2,Composite nu23
0.000336137542035431,-6.61995218251832e-05,-39965.2158732786,2.93157858286929
